<?xml version="1.0" encoding="UTF-8"?>
<document type="com.apple.InterfaceBuilder3.CocoaTouch.Storyboard.XIB" version="3.0" toolsVersion="13196" targetRuntime="iOS.CocoaTouch" propertyAccessControl="none" useAutolayout="YES" useTraitCollections="YES" useSafeAreas="YES" colorMatched="YES" initialViewController="BYZ-38-t0r">
    <device id="retina4_7" orientation="portrait">
        <adaptation id="fullscreen"/>
    </device>
    <dependencies>
        <plugIn identifier="com.apple.InterfaceBuilder.IBCocoaTouchPlugin" version="13173"/>
        <capability name="Safe area layout guides" minToolsVersion="9.0"/>
        <capability name="documents saved in the Xcode 8 format" minToolsVersion="8.0"/>
    </dependencies>
    <scenes>
        <!--View Controller-->
        <scene sceneID="tne-QT-ifu">
            <objects>
                <viewController id="BYZ-38-t0r" customClass="ViewController" sceneMemberID="viewController">
                    <view key="view" contentMode="scaleToFill" id="8bC-Xf-vdC">
                        <rect key="frame" x="0.0" y="0.0" width="375" height="667"/>
                        <autoresizingMask key="autoresizingMask" widthSizable="YES" heightSizable="YES"/>
                        <subviews>
                            <view contentMode="scaleToFill" translatesAutoresizingMaskIntoConstraints="NO" id="N3u-ja-otR">
                                <rect key="frame" x="0.0" y="0.0" width="375" height="67"/>
                                <subviews>
                                    <imageView userInteractionEnabled="NO" contentMode="scaleToFill" horizontalHuggingPriority="252" verticalHuggingPriority="251" image="20199172.jpg" translatesAutoresizingMaskIntoConstraints="NO" id="hdh-eo-PzH">
                                        <rect key="frame" x="0.0" y="0.0" width="89" height="67"/>
                                        <constraints>
                                            <constraint firstAttribute="height" relation="greaterThanOrEqual" constant="67" id="7EX-Kg-icF"/>
                                            <constraint firstAttribute="width" constant="89" id="BF8-xF-vKa"/>
                                            <constraint firstAttribute="height" constant="67" id="opl-7R-1mA"/>
                                        </constraints>
                                    </imageView>
                                    <label opaque="NO" userInteractionEnabled="NO" contentMode="left" horizontalHuggingPriority="252" verticalHuggingPriority="251" text="Shop By Category" textAlignment="center" lineBreakMode="tailTruncation" baselineAdjustment="alignBaselines" adjustsFontSizeToFit="NO" translatesAutoresizingMaskIntoConstraints="NO" id="ydu-Ns-2dk">
                                        <rect key="frame" x="108" y="0.0" width="267" height="67"/>
                                        <color key="backgroundColor" white="1" alpha="1" colorSpace="custom" customColorSpace="genericGamma22GrayColorSpace"/>
                                        <constraints>
                                            <constraint firstAttribute="height" constant="67" id="fH7-Su-qDO"/>
                                        </constraints>
                                        <fontDescription key="fontDescription" type="system" pointSize="19"/>
                                        <nil key="textColor"/>
                                        <nil key="highlightedColor"/>
                                    </label>
                                </subviews>
                                <color key="backgroundColor" cocoaTouchSystemColor="groupTableViewBackgroundColor"/>
                                <constraints>
                                    <constraint firstItem="hdh-eo-PzH" firstAttribute="top" secondItem="N3u-ja-otR" secondAttribute="top" id="5VW-YZ-hhU"/>
                                    <constraint firstItem="ydu-Ns-2dk" firstAttribute="top" secondItem="N3u-ja-otR" secondAttribute="top" id="9C4-UY-TXo"/>
                                    <constraint firstAttribute="trailing" secondItem="ydu-Ns-2dk" secondAttribute="trailing" id="Cbo-Z9-kda"/>
                                    <constraint firstAttribute="trailing" secondItem="hdh-eo-PzH" secondAttribute="trailing" constant="286" id="DU7-yi-49s"/>
                                    <constraint firstItem="ydu-Ns-2dk" firstAttribute="leading" secondItem="hdh-eo-PzH" secondAttribute="trailing" constant="19" id="MTO-Jt-6Jj"/>
                                    <constraint firstAttribute="height" constant="67" id="WlP-w4-ONk"/>
                                    <constraint firstItem="hdh-eo-PzH" firstAttribute="top" secondItem="N3u-ja-otR" secondAttribute="top" id="fsq-G5-uHi"/>
                                    <constraint firstAttribute="trailing" secondItem="hdh-eo-PzH" secondAttribute="trailing" constant="286" id="l6i-dX-QPQ"/>
                                    <constraint firstItem="hdh-eo-PzH" firstAttribute="leading" secondItem="N3u-ja-otR" secondAttribute="leading" id="urn-dU-ukn"/>
                                    <constraint firstItem="hdh-eo-PzH" firstAttribute="leading" secondItem="N3u-ja-otR" secondAttribute="leading" id="x0P-sC-CwY"/>
                                </constraints>
                            </view>
                            <view contentMode="scaleToFill" translatesAutoresizingMaskIntoConstraints="NO" id="O8n-PA-HfX">
                                <rect key="frame" x="0.0" y="75" width="375" height="72"/>
                                <subviews>
                                    <button opaque="NO" contentMode="scaleToFill" fixedFrame="YES" contentHorizontalAlignment="center" contentVerticalAlignment="center" buttonType="roundedRect" lineBreakMode="middleTruncation" translatesAutoresizingMaskIntoConstraints="NO" id="Acv-Wo-fCc">
                                        <rect key="frame" x="0.0" y="0.0" width="128" height="72"/>
                                        <autoresizingMask key="autoresizingMask" flexibleMaxX="YES" flexibleMaxY="YES"/>
                                        <state key="normal" title="Special Offers">
                                            <color key="titleColor" white="1" alpha="1" colorSpace="custom" customColorSpace="genericGamma22GrayColorSpace"/>
                                        </state>
                                    </button>
                                    <button opaque="NO" contentMode="scaleToFill" fixedFrame="YES" contentHorizontalAlignment="center" contentVerticalAlignment="center" buttonType="roundedRect" lineBreakMode="middleTruncation" translatesAutoresizingMaskIntoConstraints="NO" id="ghE-EQ-pxq">
                                        <rect key="frame" x="124" y="0.0" width="88" height="72"/>
                                        <autoresizingMask key="autoresizingMask" flexibleMaxX="YES" flexibleMaxY="YES"/>
                                        <state key="normal" title="Shoes">
                                            <color key="titleColor" white="1" alpha="1" colorSpace="custom" customColorSpace="genericGamma22GrayColorSpace"/>
                                        </state>
                                    </button>
                                    <button opaque="NO" contentMode="scaleToFill" fixedFrame="YES" contentHorizontalAlignment="center" contentVerticalAlignment="center" buttonType="roundedRect" lineBreakMode="middleTruncation" translatesAutoresizingMaskIntoConstraints="NO" id="g6V-sR-B2v">
                                        <rect key="frame" x="199" y="0.0" width="77" height="72"/>
                                        <autoresizingMask key="autoresizingMask" flexibleMaxX="YES" flexibleMaxY="YES"/>
                                        <state key="normal" title="Teens">
                                            <color key="titleColor" white="1" alpha="1" colorSpace="custom" customColorSpace="genericGamma22GrayColorSpace"/>
                                        </state>
                                    </button>
                                    <button opaque="NO" contentMode="scaleToFill" fixedFrame="YES" contentHorizontalAlignment="center" contentVerticalAlignment="center" buttonType="roundedRect" lineBreakMode="middleTruncation" translatesAutoresizingMaskIntoConstraints="NO" id="Hjq-LR-VNp">
                                        <rect key="frame" x="262" y="0.0" width="105" height="72"/>
                                        <autoresizingMask key="autoresizingMask" flexibleMaxX="YES" flexibleMaxY="YES"/>
                                        <state key="normal" title="Women">
                                            <color key="titleColor" white="1" alpha="1" colorSpace="custom" customColorSpace="genericGamma22GrayColorSpace"/>
                                        </state>
                                    </button>
                                </subviews>
                                <color key="backgroundColor" red="0.0" green="0.56904578210000001" blue="0.57461684940000002" alpha="1" colorSpace="custom" customColorSpace="sRGB"/>
                                <constraints>
                                    <constraint firstAttribute="height" constant="72" id="mEb-7Y-DiF"/>
                                </constraints>
                            </view>
                            <view contentMode="scaleToFill" translatesAutoresizingMaskIntoConstraints="NO" id="P9R-NM-aVC">
                                <rect key="frame" x="0.0" y="155" width="375" height="213"/>
                                <subviews>
                                    <imageView userInteractionEnabled="NO" contentMode="scaleToFill" horizontalHuggingPriority="251" verticalHuggingPriority="251" image="download.jpeg" translatesAutoresizingMaskIntoConstraints="NO" id="KCL-vJ-LAL">
                                        <rect key="frame" x="8" y="8" width="359" height="197"/>
                                        <constraints>
                                            <constraint firstAttribute="height" constant="197" id="ESp-CT-5Ze"/>
                                            <constraint firstAttribute="height" relation="greaterThanOrEqual" constant="197" id="rgE-rt-T7q"/>
                                        </constraints>
                                    </imageView>
                                </subviews>
                                <color key="backgroundColor" red="0.93725490199999995" green="0.93725490199999995" blue="0.95686274510000002" alpha="1" colorSpace="custom" customColorSpace="sRGB"/>
                                <constraints>
                                    <constraint firstItem="KCL-vJ-LAL" firstAttribute="top" secondItem="P9R-NM-aVC" secondAttribute="top" constant="8" id="50Q-af-cB3"/>
                                    <constraint firstItem="KCL-vJ-LAL" firstAttribute="top" secondItem="P9R-NM-aVC" secondAttribute="top" constant="8" id="5a7-co-jbw"/>
                                    <constraint firstItem="KCL-vJ-LAL" firstAttribute="leading" secondItem="P9R-NM-aVC" secondAttribute="leading" constant="8" id="7uW-6u-bLS"/>
                                    <constraint firstAttribute="trailing" secondItem="KCL-vJ-LAL" secondAttribute="trailing" constant="8" id="AHh-5t-XrJ"/>
                                    <constraint firstAttribute="height" constant="213" id="D9a-dG-UQz"/>
                                    <constraint firstItem="KCL-vJ-LAL" firstAttribute="leading" secondItem="P9R-NM-aVC" secondAttribute="leading" constant="8" id="Itf-W4-3wv"/>
                                    <constraint firstAttribute="trailing" secondItem="KCL-vJ-LAL" secondAttribute="trailing" constant="8" id="lgK-qA-uqH"/>
                                </constraints>
                            </view>
                            <label opaque="NO" userInteractionEnabled="NO" contentMode="left" horizontalHuggingPriority="251" verticalHuggingPriority="251" fixedFrame="YES" text="12$ 15% Savings!" textAlignment="natural" lineBreakMode="tailTruncation" baselineAdjustment="alignBaselines" adjustsFontSizeToFit="NO" translatesAutoresizingMaskIntoConstraints="NO" id="eoD-r8-lgB">
                                <rect key="frame" x="16" y="622" width="185" height="45"/>
                                <autoresizingMask key="autoresizingMask" flexibleMaxX="YES" flexibleMaxY="YES"/>
                                <fontDescription key="fontDescription" type="system" pointSize="17"/>
                                <nil key="textColor"/>
                                <nil key="highlightedColor"/>
                            </label>
                            <label opaque="NO" userInteractionEnabled="NO" contentMode="left" horizontalHuggingPriority="251" verticalHuggingPriority="251" fixedFrame="YES" text="" textAlignment="natural" lineBreakMode="tailTruncation" baselineAdjustment="alignBaselines" adjustsFontSizeToFit="NO" translatesAutoresizingMaskIntoConstraints="NO" id="ULl-Zq-eoS">
                                <rect key="frame" x="0.0" y="603" width="375" height="4"/>
                                <autoresizingMask key="autoresizingMask" flexibleMaxX="YES" flexibleMaxY="YES"/>
                                <color key="backgroundColor" red="1" green="1" blue="1" alpha="1" colorSpace="custom" customColorSpace="sRGB"/>
                                <fontDescription key="fontDescription" type="system" pointSize="17"/>
                                <nil key="textColor"/>
                                <nil key="highlightedColor"/>
                            </label>
                        </subviews>
                        <color key="backgroundColor" cocoaTouchSystemColor="groupTableViewBackgroundColor"/>
                        <constraints>
                            <constraint firstItem="O8n-PA-HfX" firstAttribute="leading" secondItem="6Tk-OE-BBY" secondAttribute="leading" id="0Wq-f0-qCe"/>
                            <constraint firstItem="N3u-ja-otR" firstAttribute="leading" secondItem="6Tk-OE-BBY" secondAttribute="leading" id="10X-aA-ggE"/>
                            <constraint firstItem="P9R-NM-aVC" firstAttribute="top" secondItem="O8n-PA-HfX" secondAttribute="bottom" constant="8" id="46F-v3-HkP"/>
                            <constraint firstItem="P9R-NM-aVC" firstAttribute="leading" secondItem="6Tk-OE-BBY" secondAttribute="leading" id="4VB-X4-kir"/>
                            <constraint firstItem="N3u-ja-otR" firstAttribute="top" secondItem="8bC-Xf-vdC" secondAttribute="top" id="A2f-29-Ry5"/>
                            <constraint firstItem="N3u-ja-otR" firstAttribute="trailing" secondItem="6Tk-OE-BBY" secondAttribute="trailing" id="GUk-qZ-0Tp"/>
                            <constraint firstItem="P9R-NM-aVC" firstAttribute="trailing" secondItem="6Tk-OE-BBY" secondAttribute="trailing" id="g7U-e2-n1u"/>
                            <constraint firstItem="O8n-PA-HfX" firstAttribute="trailing" secondItem="6Tk-OE-BBY" secondAttribute="trailing" id="n8h-Qu-5Rp"/>
                            <constraint firstItem="O8n-PA-HfX" firstAttribute="top" secondItem="N3u-ja-otR" secondAttribute="bottom" constant="8" id="vP0-ll-7aL"/>
                        </constraints>
                        <viewLayoutGuide key="safeArea" id="6Tk-OE-BBY"/>
                    </view>
                </viewController>
                <placeholder placeholderIdentifier="IBFirstResponder" id="dkx-z0-nzr" sceneMemberID="firstResponder"/>
            </objects>
            <point key="canvasLocation" x="136.80000000000001" y="133.5832083958021"/>
        </scene>
    </scenes>
    <resources>
        <image name="20199172.jpg" width="1000" height="1080"/>
        <image name="download.jpeg" width="303" height="166"/>
    </resources>
</document>
